{"cameraMode":{"drawMode":0,"name":"Shaded","section":"Shading Mode"},"sceneLighting":false,"audioPlay":false,"sceneViewState":{"m_AlwaysRefresh":false,"showFog":true,"showSkybox":false,"showFlares":true,"showImageEffects":true,"showParticleSystems":true,"showVisualEffectGraphs":true,"m_FxEnabled":true},"in2DMode":false,"pivot":{"x":-0.019622325897216798,"y":-0.38663771748542788,"z":0.24995160102844239},"rotation":{"x":-0.14367367327213288,"y":-0.8561105728149414,"z":0.35591378808021548,"w":-0.3462856411933899},"size":8.639325141906739,"orthographic":false}