{"cameraMode":{"drawMode":0,"name":"Shaded","section":"Shading Mode"},"sceneLighting":false,"audioPlay":false,"sceneViewState":{"m_AlwaysRefresh":false,"showFog":true,"showSkybox":true,"showFlares":true,"showImageEffects":true,"showParticleSystems":true,"showVisualEffectGraphs":true,"m_FxEnabled":true},"in2DMode":false,"pivot":{"x":26.59000015258789,"y":12.980000495910645,"z":27.329999923706056},"rotation":{"x":-0.010694763623178006,"y":-0.9851872324943543,"z":0.1573839634656906,"w":-0.06838624179363251},"size":119.39602661132813,"orthographic":false}