{"cameraMode":{"drawMode":0,"name":"Shaded","section":"Shading Mode"},"sceneLighting":false,"audioPlay":false,"sceneViewState":{"m_AlwaysRefresh":false,"showFog":true,"showSkybox":true,"showFlares":true,"showImageEffects":true,"showParticleSystems":true,"showVisualEffectGraphs":true,"m_FxEnabled":true},"in2DMode":false,"pivot":{"x":205.45616149902345,"y":13.090606689453125,"z":858.5783081054688},"rotation":{"x":0.018591320142149926,"y":0.30145901441574099,"z":0.0058786640875041489,"w":-0.9532883763313294},"size":0.7052756547927856,"orthographic":false}