{"cameraMode":{"drawMode":0,"name":"Shaded","section":"Shading Mode"},"sceneLighting":false,"audioPlay":false,"sceneViewState":{"m_AlwaysRefresh":false,"showFog":true,"showSkybox":true,"showFlares":true,"showImageEffects":true,"showParticleSystems":true,"showVisualEffectGraphs":true,"m_FxEnabled":true},"in2DMode":false,"pivot":{"x":202.69192504882813,"y":13.463604927062989,"z":856.7996215820313},"rotation":{"x":0.16693440079689027,"y":0.7838620543479919,"z":-0.23862721025943757,"w":0.5484261512756348},"size":0.002396071096882224,"orthographic":false}