{"cameraMode":{"drawMode":0,"name":"Shaded","section":"Shading Mode"},"sceneLighting":false,"audioPlay":false,"sceneViewState":{"m_AlwaysRefresh":false,"showFog":true,"showSkybox":true,"showFlares":true,"showImageEffects":true,"showParticleSystems":true,"showVisualEffectGraphs":true,"m_FxEnabled":true},"in2DMode":false,"pivot":{"x":272.4010009765625,"y":17.406787872314454,"z":820.0941772460938},"rotation":{"x":-0.009842179715633393,"y":-0.9775883555412293,"z":0.0469612255692482,"w":-0.20500023663043977},"size":0.12459632754325867,"orthographic":false}