{"cameraMode":{"drawMode":0,"name":"Shaded","section":"Shading Mode"},"sceneLighting":true,"audioPlay":false,"sceneViewState":{"m_AlwaysRefresh":false,"showFog":true,"showSkybox":true,"showFlares":true,"showImageEffects":true,"showParticleSystems":true,"showVisualEffectGraphs":true,"m_FxEnabled":true},"in2DMode":false,"pivot":{"x":690.9218139648438,"y":31.084312438964845,"z":873.1276245117188},"rotation":{"x":0.32859158515930178,"y":-0.1886078119277954,"z":0.06713172048330307,"w":0.923031210899353},"size":0.004444665275514126,"orthographic":false}