{"cameraMode":{"drawMode":0,"name":"Shaded","section":"Shading Mode"},"sceneLighting":false,"audioPlay":false,"sceneViewState":{"m_AlwaysRefresh":false,"showFog":true,"showSkybox":true,"showFlares":true,"showImageEffects":true,"showParticleSystems":true,"showVisualEffectGraphs":true,"m_FxEnabled":true},"in2DMode":false,"pivot":{"x":202.89266967773438,"y":17.083131790161134,"z":854.5826416015625},"rotation":{"x":-0.011414683423936367,"y":-0.9798296689987183,"z":0.05978371202945709,"w":-0.19076000154018403},"size":7.756769180297852,"orthographic":false}