{"cameraMode":{"drawMode":0,"name":"Shaded","section":"Shading Mode"},"sceneLighting":false,"audioPlay":false,"sceneViewState":{"m_AlwaysRefresh":false,"showFog":true,"showSkybox":true,"showFlares":true,"showImageEffects":true,"showParticleSystems":true,"showVisualEffectGraphs":true,"m_FxEnabled":true},"in2DMode":false,"pivot":{"x":523.0733032226563,"y":31.639244079589845,"z":260.72698974609377},"rotation":{"x":-0.03839418664574623,"y":-0.9608342051506043,"z":0.17578084766864777,"w":-0.21113987267017365},"size":120.91825866699219,"orthographic":false}