{"cameraMode":{"drawMode":0,"name":"Shaded","section":"Shading Mode"},"sceneLighting":false,"audioPlay":false,"sceneViewState":{"m_AlwaysRefresh":false,"showFog":true,"showSkybox":true,"showFlares":true,"showImageEffects":true,"showParticleSystems":true,"showVisualEffectGraphs":true,"m_FxEnabled":true},"in2DMode":false,"pivot":{"x":202.98629760742188,"y":12.829999923706055,"z":854.626220703125},"rotation":{"x":0.029316404834389688,"y":-0.7907374501228333,"z":0.03798344358801842,"w":0.6102761626243591},"size":15.26032829284668,"orthographic":true}