{"cameraMode":{"drawMode":0,"name":"Shaded","section":"Shading Mode"},"sceneLighting":true,"audioPlay":false,"sceneViewState":{"m_AlwaysRefresh":false,"showFog":true,"showSkybox":true,"showFlares":true,"showImageEffects":true,"showParticleSystems":true,"showVisualEffectGraphs":true,"m_FxEnabled":true},"in2DMode":false,"pivot":{"x":815.3011474609375,"y":20.417877197265626,"z":565.7884521484375},"rotation":{"x":-0.08893201500177384,"y":-0.8425772786140442,"z":0.1468142420053482,"w":-0.5105243921279907},"size":0.008079787716269493,"orthographic":false}