{"cameraMode":{"drawMode":0,"name":"Shaded","section":"Shading Mode"},"sceneLighting":true,"audioPlay":false,"sceneViewState":{"m_AlwaysRefresh":false,"showFog":true,"showSkybox":true,"showFlares":true,"showImageEffects":true,"showParticleSystems":true,"showVisualEffectGraphs":true,"m_FxEnabled":true},"in2DMode":false,"pivot":{"x":623.8814697265625,"y":21.72703742980957,"z":407.43096923828127},"rotation":{"x":-0.025169482454657556,"y":-0.9660645127296448,"z":0.10327735543251038,"w":-0.2354666292667389},"size":2.3130908012390138,"orthographic":false}