{"cameraMode":{"drawMode":0,"name":"Shaded","section":"Shading Mode"},"sceneLighting":false,"audioPlay":false,"sceneViewState":{"m_AlwaysRefresh":false,"showFog":true,"showSkybox":true,"showFlares":true,"showImageEffects":true,"showParticleSystems":true,"showVisualEffectGraphs":true,"m_FxEnabled":true},"in2DMode":false,"pivot":{"x":206.79574584960938,"y":15.395867347717286,"z":855.2745361328125},"rotation":{"x":0.23282559216022492,"y":-0.6607410311698914,"z":0.22741834819316865,"w":0.6763935685157776},"size":0.00822402723133564,"orthographic":false}