{"cameraMode":{"drawMode":0,"name":"Shaded","section":"Shading Mode"},"sceneLighting":true,"audioPlay":false,"sceneViewState":{"m_AlwaysRefresh":false,"showFog":true,"showSkybox":true,"showFlares":true,"showImageEffects":true,"showParticleSystems":true,"showVisualEffectGraphs":true,"m_FxEnabled":true},"in2DMode":false,"pivot":{"x":847.9217529296875,"y":176.5675506591797,"z":487.22198486328127},"rotation":{"x":0.5258389711380005,"y":-0.05526498705148697,"z":0.03424409031867981,"w":0.8481165766716003},"size":0.0012215595925226808,"orthographic":false}