{"cameraMode":{"drawMode":0,"name":"Shaded","section":"Shading Mode"},"sceneLighting":false,"audioPlay":false,"sceneViewState":{"m_AlwaysRefresh":false,"showFog":true,"showSkybox":true,"showFlares":true,"showImageEffects":true,"showParticleSystems":true,"showVisualEffectGraphs":true,"m_FxEnabled":true},"in2DMode":false,"pivot":{"x":275.3354797363281,"y":14.783928871154786,"z":806.5404663085938},"rotation":{"x":-0.0053408509120345119,"y":-0.9818530082702637,"z":0.02799106016755104,"w":-0.1875113695859909},"size":0.11570224910974503,"orthographic":false}