{"cameraMode":{"drawMode":0,"name":"Shaded","section":"Shading Mode"},"sceneLighting":false,"audioPlay":false,"sceneViewState":{"m_AlwaysRefresh":false,"showFog":true,"showSkybox":true,"showFlares":true,"showImageEffects":true,"showParticleSystems":true,"showVisualEffectGraphs":true,"m_FxEnabled":true},"in2DMode":false,"pivot":{"x":288.76434326171877,"y":14.544656753540039,"z":813.0064086914063},"rotation":{"x":-0.026940355077385904,"y":0.9183318614959717,"z":-0.06346382200717926,"w":-0.38976749777793887},"size":0.08640832453966141,"orthographic":false}