{"cameraMode":{"drawMode":0,"name":"Shaded","section":"Shading Mode"},"sceneLighting":false,"audioPlay":false,"sceneViewState":{"m_AlwaysRefresh":false,"showFog":true,"showSkybox":true,"showFlares":true,"showImageEffects":true,"showParticleSystems":true,"showVisualEffectGraphs":true,"m_FxEnabled":true},"in2DMode":false,"pivot":{"x":202.98629760742188,"y":12.829999923706055,"z":854.626220703125},"rotation":{"x":0.001734773744828999,"y":0.9933968186378479,"z":-0.11374008655548096,"w":0.015198717825114727},"size":1.2247449159622193,"orthographic":true}