{"cameraMode":{"drawMode":0,"name":"Shaded","section":"Shading Mode"},"sceneLighting":false,"audioPlay":false,"sceneViewState":{"m_AlwaysRefresh":false,"showFog":true,"showSkybox":true,"showFlares":true,"showImageEffects":true,"showParticleSystems":true,"showVisualEffectGraphs":true,"m_FxEnabled":true},"in2DMode":false,"pivot":{"x":527.2344360351563,"y":60.59346389770508,"z":311.9397888183594},"rotation":{"x":-0.00059816351858899,"y":-0.9425708651542664,"z":0.0023303532507270576,"w":-0.3342374861240387},"size":50.237266540527347,"orthographic":false}