{"cameraMode":{"drawMode":0,"name":"Shaded","section":"Shading Mode"},"sceneLighting":false,"audioPlay":false,"sceneViewState":{"m_AlwaysRefresh":false,"showFog":true,"showSkybox":true,"showFlares":true,"showImageEffects":true,"showParticleSystems":true,"showVisualEffectGraphs":true,"m_FxEnabled":true},"in2DMode":false,"pivot":{"x":202.98629760742188,"y":12.829999923706055,"z":854.626220703125},"rotation":{"x":0.019444264471530916,"y":-0.6466824412345886,"z":0.016492659226059915,"w":0.7623367309570313},"size":15.26032829284668,"orthographic":true}